id,correct,question,refs,a,b,c,d,figure,correct_letter
T1A01,2,Which of the following is part of the Basis and Purpose of the Amateur Radio Service?,[97.1],Providing personal radio communications for as many citizens as possible,Providing communications for international contesting,Advancing skills in the technical and communication phases of the radio art,All these choices are correct,,C
T1A02,2,Which agency regulates and enforces the rules for the Amateur Radio Service in the United States?,[97.1],ARRL,Homeland Security,The FCC,All these choices are correct,,C
T1A03,1,What do the FCC rules state regarding the use of a phonetic alphabet for station identification in the Amateur Radio Service?,[97.119(b)(2)],It is required when transmitting emergency messages,It is encouraged when using phone emissions,It is required when in contact with foreign stations,All these choices are correct,,B
T1A04,0,How do you receive official notification of your new license and call sign after passing the exam?,[97.23],Email from the FCC with a link to download the license grant,USPS First-Class Mail from the FCC,Email from the lead volunteer examiner,USPS First-Class Mail from the lead volunteer examiner,,A
T1A05,2,What proves that the FCC has issued an operator/primary license grant?,[97.7],A printed copy of the certificate of successful completion of examination,An email notification from the NCVEC granting the license,The license appears in the FCC ULS database,All these choices are correct,,C
T1A06,3,On which of the following HF frequencies can automatically controlled amateur propagation beacons be found?,[97.203(d)],Anywhere in the Technician portion of 10 meters,"Anywhere, if they are registered with the FCC",In a specific portion of each of the HF Technician bands,"On ten meters, between 28.200 MHz and 28.300 MHz",,D
T1A07,2,What is the FCC Part 97 definition of a space station?,[97.3(a)(41)],Any satellite orbiting Earth,A manned satellite orbiting Earth,An amateur station located more than 50 km above Earth's surface,An amateur station using amateur radio satellites for relay of signals,,C
T1A08,1,Who recommends transmit/receive channels for repeater and auxiliary stations?,[97.3(a)(22)],A Frequency Spectrum Manager appointed by the FCC,A Volunteer Frequency Coordinator recognized by local amateurs,An FCC Regional Field Office,The International Telecommunication Union,,B
T1A09,2,Who selects a Frequency Coordinator?,[97.3(a)(22)],The FCC Office of Spectrum Management and Coordination Policy,The local chapter of the Office of National Council of Independent Frequency Coordinators,Amateur operators in a local or regional area whose stations are eligible to be repeater or auxiliary stations,The FCC Regional Field Office,,C
T1A10,2,"Besides an FCC-issued amateur operator license, what is required to be the control operator of a Radio Amateur Civil Emergency Service (RACES) Station?",[97.407(a)],A written recommendation by the local ARRL Emergency Coordinator,Membership in the Amateur Radio Emergency Service (ARES),Certification of current enrollment by a civil defense organization,Nothing,,C
T1A11,1,Which of the following is prohibited?,[97.101(d)],International communications on VHF bands and higher frequencies,Willful or malicious interference,Third-party traffic using digital modes,All these choices are correct,,B
T1B01,2,Which of the following frequency ranges are available for phone operation by Technician licensees?,[97.301(e)],28.050 MHz to 28.150 MHz,28.100 MHz to 28.300 MHz,28.300 MHz to 28.500 MHz,28.500 MHz to 28.600 MHz,,C
T1B02,1,Which of the following U.S. amateur radio operators are allowed to contact the International Space Station (ISS) on VHF bands?,"[97.301, 97.207(c)]",Only amateurs with a General class or higher license,Any amateur with a Technician class or higher license,"Only amateurs with a General class or higher license, and NASA approval","Any amateurs with a Technician class or higher license, and NASA approval",,B
T1B03,1,Which frequency is in the 6-meter amateur band?,[97.301(a)],49.00 MHz,52.525 MHz,28.50 MHz,222.15 MHz,,B
T1B04,3,Which amateur band includes 146.52 MHz?,[97.301(a)],6 meters,20 meters,70 centimeters,2 meters,,D
T1B05,3,Which of the following bands include frequencies where Technicians are authorized to use digital modes such as FT8?,"[97.301, 97.305]",10 meters,6 meters,2 meters,All these choices are correct,,D
T1B06,1,On which HF bands does a Technician class operator have phone privileges?,"[97.301(e), 97.305]",None,10-meter band only,"80-meter, 40-meter, 15-meter, and 10-meter bands",30-meter band only,,B
T1B07,0,Which of the following VHF/UHF band segments are limited to CW only?,"[97.305(a), (c)]",50.0 MHz to 50.1 MHz and 144.0 MHz to 144.1 MHz,219 MHz to 220 MHz and 420.0 MHz to 420.1 MHz,902.0 MHz to 902.1 MHz,All these choices are correct,,A
T1B08,0,How are US amateurs restricted in segments of bands where the Amateur Radio Service is secondary?,[97.303],"U.S. amateurs may find non-amateur stations in those segments, and must avoid interfering with them",U.S. amateurs must give foreign amateur stations priority in those segments,International communications are not permitted in those segments,Digital transmissions are not permitted in those segments,,A
T1B09,3,Why should you not set your transmit frequency to be exactly at the edge of an amateur band or sub-band?,"[97.101(a), 97.301(a-e)]",To allow for calibration error in the transmitter frequency display,So that modulation sidebands do not extend beyond the band edge,To allow for transmitter frequency drift,All these choices are correct,,D
T1B10,2,Where may SSB phone be used in amateur bands above 50 MHz?,[97.305(c)],Only in sub-bands allocated to General class or higher licensees,Only on repeaters,In at least some segment of all these bands,On any band if the power is limited to 25 watts,,C
T1B11,0,What is the maximum peak envelope power output for Technician class operators in their HF band segments?,[97.313],200 watts,100 watts,50 watts,10 watts,,A
T1B12,3,"Except for some specific restrictions, what is the maximum peak envelope power output for Technician class operators using frequencies above 30 MHz?",[97.313(b)],50 watts,100 watts,500 watts,1500 watts,,D
T1C01,3,For which classes of amateur radio licenses does the FCC currently issue new licenses?,"[97.9(a), 97.17(a)]","Novice, Technician, General, Amateur Extra","Technician, Technician Plus, General, Amateur Extra","Novice, Technician Plus, General, Advanced","Technician, General, Amateur Extra",,D
T1C02,3,Who may select a desired call sign under the vanity call sign rules?,[97.19],Only a licensed amateur with a General or Amateur Extra Class license,Only a licensed amateur with an Amateur Extra Class license,Only a licensed amateur who has been licensed continuously for more than 10 years,Any licensed amateur,,D
T1C03,0,What types of international communications are FCC-licensed amateur radio stations permitted to make?,[97.117],Communications incidental to the purposes of the Amateur Radio Service and remarks of a personal character,Communications incidental to conducting business or remarks of a personal nature,Only communications incidental to contest exchanges; all other communications are prohibited,Any communications that would be permitted by an international broadcast station,,A
T1C04,1,What may happen if the FCC is unable to reach you by email?,[97.23],Fine and suspension of operator license,Revocation of the station license or suspension of the operator license,Revocation of access to the license record in the FCC system,Nothing; there is no such requirement,,B
T1C05,0,Which of the following is a valid Group D call sign format for Technician class?,,KF1XXX,KA1X,W1XX,All these choices are correct,,A
T1C06,3,Which of the following statements is true about using your amateur radio license when operating aboard a vessel or craft in international waters?,"[97.5(a)(2), 97.11(a)]",Amateur operation is prohibited in international waters,You may only operate during maritime emergencies,You need special FCC authorization for maritime mobile operation,You may operate from a US-documented vessel with the master's permission,,D
T1C07,1,How long before the expiration date may an amateur radio license renewal be requested?,"[97.21, 1.949]",30 days,90 days,6 months,1 year,,B
T1C08,2,What is the normal term for an FCC-issued amateur radio license?,[97.25],Five years,Eight years,Ten years,Life,,C
T1C09,0,What is the grace period for renewal if an amateur license expires?,[97.21(a)(b)],Two years,Three years,Five years,Ten years,,A
T1C10,2,How soon after passing the examination for your first amateur radio license may you transmit on the amateur radio bands?,[97.5a],Immediately on receiving your Certificate of Successful Completion of Examination (CSCE),As soon as your operator/station license grant appears on the ARRL website,As soon as your operator/station license grant appears in the FCC’s license database,As soon as you receive your license in the mail from the FCC,,C
T1C11,3,"If your license has expired and is still within the allowable grace period, may you continue to transmit on the amateur radio bands?",[97.21(b)],"Yes, for up to two years","Yes, as soon as you apply for renewal","Yes, for up to one year","No, you must wait until the license has been renewed",,D
T1D01,0,With which countries are FCC-licensed amateur radio stations prohibited from exchanging communications?,[97.111(a)(1)],Any country whose administration has notified the International Telecommunication Union (ITU) that it objects to such communications,Any country whose administration has notified the American Radio Relay League (ARRL) that it objects to such communications,Any country banned from such communications by the International Amateur Radio Union (IARU),Any country banned from making such communications by the American Radio Relay League (ARRL),,A
T1D02,1,Under which of the following circumstances are one-way transmissions by an amateur station prohibited?,"[97.113(b), 97.111(b)]",Announcements of upcoming ham radio operating events,Broadcasting,International Morse Code Practice,Telecommand or transmissions of telemetry,,B
T1D03,2,When is it permissible to transmit messages encoded to obscure their meaning?,"[97.211(b), 97.215(b), 97.113(a)(4)]",Only when using a remote station during a contest,Only when transmitting certain approved digital codes,Only when transmitting control commands to space stations or model craft,Never,,C
T1D04,0,Under what conditions is an amateur station authorized to transmit music using a phone emission?,"[97.113(a)(4), 97.113(c)]",When incidental to an authorized retransmission of manned spacecraft communications,When the music produces no spurious emissions,When transmissions are limited to less than three minutes per hour,When the music is transmitted above 1280 MHz,,A
T1D05,3,When may amateur radio operators use their stations to notify other amateurs of the availability of equipment for sale or trade?,[97.113(a)(3)(ii)],Never,"When the equipment is not the personal property of either the station licensee, or the control operator, or their close relatives",When no profit is made on the sale,When selling amateur radio equipment and not on a regular basis,,D
T1D06,1,"What, if any, are the restrictions concerning transmission of language that may be considered indecent or obscene?",[97.113(a)(4)],The FCC maintains a list of words that are not permitted to be used on amateur frequencies,Any such language is prohibited,The International Telecommunications Union (ITU) maintains a list of words that are not permitted to be used on amateur frequencies,There is no such prohibition,,B
T1D07,0,Which of the following is an example of an auxiliary station?,"[97.113(d), 97.201(e)]",A station sending one-way transmissions between a remote repeater receiver and the main repeater transmitter,A backup radio for emergency use in case the main station radio fails,A station used in the Military Auxiliary Radio System for linking government and amateur stations in a digital network,A second station utilized in multi-operator contest stations,,A
T1D08,1,In which of the following circumstances may the control operator of an amateur station receive compensation for operating that station?,[97.113(a)(3)(iii)],When the communication is related to the sale of amateur equipment by the control operator's employer,When the communication is a part of classroom instruction at an educational institution,When the communication is made to obtain emergency information for a local broadcast station,All these choices are correct,,B
T1D09,0,"When may amateur stations transmit information in support of broadcasting, program production, or news gathering, assuming no other means is available?",[97.113(5)(b)],When such communications are directly related to the immediate safety of human life or protection of property,When broadcasting communications to or from the space shuttle,Where non-commercial programming is gathered and supplied exclusively to the National Public Radio network,Never,,A
T1D10,3,How does the FCC define broadcasting for the Amateur Radio Service?,[97.3(a)(10)],Two-way transmissions by amateur stations,Any transmission made by the licensed station,Transmission of messages directed only to amateur operators,Transmissions intended for reception by the general public,,D
T1D11,3,When may an amateur station transmit without identifying on the air?,[97.215],When the transmissions are of a brief nature to make station adjustments,When the transmissions are unmodulated,When the transmitted power level is below 0.1 watt,When transmitting signals to control model craft,,D
T1D12,0,Which of the following is required when making on-the-air test transmissions?,[97.119(a)],Identify the transmitting station,Conduct tests only between 10 p.m. and 6 a.m. local time,Notify the FCC of the transmissions,All these choices are correct,,A
T1E01,3,When may an amateur station transmit without a control operator?,[97.7(a)],"When using automatic control, such as in the case of a repeater",When the station licensee is away and another licensed amateur is using the station,When the transmitting station is an auxiliary station,Never,,D
T1E02,3,Who may be the control operator of a station communicating through an amateur satellite or space station?,"[97.301, 97.207(c)]",Only an Amateur Extra Class operator,A General class or higher licensee with a satellite operator certification,Only an Amateur Extra Class operator who is also an AMSAT member,Any amateur allowed to transmit on the satellite uplink frequency,,D
T1E03,0,Who must designate the station control operator?,[97.103(b)],The station licensee,The FCC,The frequency coordinator,Any licensed operator,,A
T1E04,3,What determines the transmitting frequency privileges of an amateur station?,[97.103(b)],The frequency authorized by the frequency coordinator,The frequencies printed on the license grant,The highest class of operator license held by anyone on the premises,The class of operator license held by the control operator,,D
T1E05,2,What is an amateur station’s control point?,[97.3(a)(14)],The location of the station’s transmitting antenna,The location of the station’s transmitting apparatus,The location at which the control operator function is performed,The mailing address of the station licensee,,C
T1E06,0,"When, other than during an emergency, may a Technician class licensee be the control operator of a station operating in an Amateur Extra Class band segment?",[97.301],At no time,When designated as the control operator by an Amateur Extra Class licensee,As part of a multi-operator contest team,When using a club station whose trustee holds an Amateur Extra Class license,,A
T1E07,3,"When the control operator is not the station licensee, who is responsible for the proper operation of the station?",[97.103(a)],All licensed amateurs who are present at the operation,Only the station licensee,Only the control operator,The control operator and the station licensee,,D
T1E08,0,Which of the following is an example of automatic control?,"[97.3(a)(6), 97.205(d)]",Repeater operation,Controlling a station over the internet,Using a computer or other device to send CW automatically,Using a computer or other device to identify automatically,,A
T1E09,3,Which amateur stations may be remotely controlled?,[97.109(c)],Only repeater stations,Only automatically controlled stations,Only digital stations,Any station,,D
T1E10,1,Which of the following is an example of remote control as defined in Part 97?,[97.3(a)(39)],A software defined radio (SDR),Operating the station over the internet,"Controlling a model aircraft, boat, or car by amateur radio",Earth-Moon-Earth (EME) communication,,B
T1E11,3,What is a control operator as defined in Part 97?,[97.3(a)(13)],The person speaking or otherwise communicating messages over an amateur station,The person who is the licensee of an amateur station,An amateur operator identified in the FCC database as responsible for transmissions and FCC rules compliance at a station license location,An amateur operator designated by the licensee of a station to be responsible for transmissions and FCC rules compliance at that station,,D
T1F01,1,When must the station licensee make the station and the station records available for inspection?,[97.103(c)],At any time ten days after notification by the FCC of such an inspection,At any time upon request by an FCC representative,At any time after a written notification by the FCC of such inspection,Only when presented with a valid warrant by an FCC official or government agent,,B
T1F02,2,How often must you identify with your FCC-assigned call sign when using tactical call signs such as “Race Headquarters”?,[97.119(a)],"Never, the tactical call is sufficient",Once every hour,At least every 10 minutes during and at the end of a communication,At the end of every transmission,,C
T1F03,3,When are you required to transmit your assigned call sign?,[97.119(a)],"At the beginning of each contact, and every 10 minutes thereafter",At least once during each transmission,At least every 15 minutes during and at the end of a communication,At least every 10 minutes during and at the end of a communication,,D
T1F04,2,What language must you use for identification when using a phone emission?,[97.119(b)(2)],Any language recognized by the United Nations,Any language recognized by the ITU,English,"English, French, or Spanish",,C
T1F05,1,What method of call sign identification is required for a station transmitting phone signals?,[97.119(b)(2)],Send the call sign followed by the indicator RPT,Send the call sign using a CW or phone emission,Send the call sign followed by the indicator R,Send the call sign using only a phone emission,,B
T1F06,3,Which of the following self-assigned indicators are acceptable when using a phone transmission?,[97.119(c)],KL7CC stroke W3,KL7CC slant W3,KL7CC slash W3,All these choices are correct,,D
T1F07,1,Which of the following restrictions apply when a non-licensed person speaks to a foreign amateur radio station via a station under the control of an FCC-licensed amateur radio operator?,[97.115(a)(2)],The person must be a U.S. citizen,The foreign station must be in a country with which the U.S. has a third-party agreement,The licensed control operator must do the station identification,All these choices are correct,,B
T1F08,0,What is the definition of third-party communications?,[97.3(a)(47)],A message from a control operator to another amateur station control operator on behalf of another person,Amateur radio communications where three stations are in communications with one another,Operation when the transmitting equipment is licensed to a person other than the control operator,Temporary authorization for an unlicensed person to transmit on the amateur bands for technical experiments,,A
T1F09,2,What type of amateur station simultaneously retransmits the signal of another amateur station on a different channel or channels?,[97.3(a)(40)],Beacon station,Remote control station,Repeater station,Message forwarding station,,C
T1F10,0,Who is accountable if a repeater inadvertently retransmits communications that violate the FCC rules?,[97.205(g)],The control operator of the originating station,The control operator of the repeater,The owner of the repeater,Both the originating station and the repeater owner,,A
T1F11,1,Which of the following is a requirement for the issuance of a club station license grant?,[97.5(b)(2)],The trustee must have an Amateur Extra Class operator license grant,The club must have at least four members,The club must be registered with the American Radio Relay League (ARRL),All these choices are correct,,B
T2A01,1,What is a common repeater frequency offset in the 2-meter band?,,Plus or minus 5 MHz,Plus or minus 600 kHz,Plus or minus 500 kHz,Plus or minus 1 MHz,,B
T2A02,0,What is the national calling frequency for FM simplex operations in the 2-meter band?,,146.520 MHz,145.000 MHz,432.100 MHz,446.000 MHz,,A
T2A03,0,What is a common repeater frequency offset in the 70-centimeter band?,,Plus or minus 5 MHz,Plus or minus 600 kHz,Plus or minus 500 kHz,Plus or minus 1 MHz,,A
T2A04,1,What is an appropriate way to call another station on a repeater if you know the other station's call sign?,,"Say ""break, break,"" then the other station’s call sign, followed by your call sign","Say the station's call sign, then identify with your call sign","Say ""CQ"" three times, then the other station's call sign, followed by your call sign","Wait for the station to call CQ, then answer with your call sign",,B
T2A05,2,How should you respond to a station calling CQ?,,"Transmit ""CQ"" followed by the other station’s call sign",Transmit your call sign followed by the other station’s call sign,Transmit the other station’s call sign followed by your call sign,Transmit a signal report followed by your call sign,,C
T2A06,3,What is an effective way to seek a call from any phone station when not using a repeater?,,"Sign your call sign once, followed by the words “listening for a call;” if there is no answer, change the frequency and repeat","Say “QTC,” followed by “this is” and your call sign; if there is no answer, change the frequency and repeat","Transmit an unmodulated carrier for approximately 10 seconds, followed by “this is” and your call sign, and pause to listen; repeat as necessary","Repeat “CQ” a few times, followed by “this is,” and your call sign, then pause to listen; repeat as necessary",,D
T2A07,0,"What does the term ""repeater offset"" mean?",,The difference between a repeater’s transmit and receive frequencies,The repeater has a time delay to prevent interference,The approximately half-second delay to allow for the “squelch tail” to be removed,The fee charged by the repeater owner or club to provide for maintenance,,A
T2A08,3,What is the meaning of the procedural signal “CQ”?,,A shortened form of the term “Contest QSO”,"“Communication Quality,” used to indicate transmitted audio clarity",Only the called station should transmit,Calling any station,,D
T2A09,1,Which of the following is a customary way to indicate a station is listening on a repeater and looking for a contact?,,“CQ CQ” followed by the repeater’s call sign,The station’s call sign followed by the word “listening”,The repeater’s call sign followed by the station’s call sign,“QSY” followed by your call sign,,B
T2A10,0,"What is a band plan, beyond the privileges established by the FCC?",,A voluntary guideline for using different modes or activities within an amateur band,A list of operating schedules,A list of available net frequencies,A plan devised by a club to indicate frequency band usage,,A
T2A11,2,What term describes an amateur station that is transmitting and receiving on the same frequency?,,Full duplex,Diplex,Simplex,Multiplex,,C
T2B01,2,What is the purpose of the reverse function on a VHF/UHF transceiver?,,To reduce power output,To increase power output,To listen on a repeater’s input frequency,To listen on a repeater’s output frequency,,C
T2B02,3,What term describes the use of a sub-audible tone transmitted along with normal voice audio to open the squelch of a receiver?,,Carrier squelch,Tone burst,DTMF,CTCSS,,D
T2B03,0,Which of the following describes a linked repeater network?,,A network of repeaters in which signals received by one repeater are transmitted by all the repeaters in the network,A single repeater with more than one receiver,Multiple repeaters with the same control operator,A system of repeaters linked by APRS,,A
T2B04,3,Which of the following could be the reason you are unable to access a repeater whose output you can hear?,,Improper transceiver offset,You are using the wrong CTCSS tone,You are using the wrong DCS code,All these choices are correct,,D
T2B05,2,Which of the following would cause your FM transmission audio to drop out on voice peaks?,,Your repeater offset is inverted,Your FM deviation is too low,You are talking too loudly,Your transmit power is too high,,C
T2B06,0,What type of signaling to a repeater uses two simultaneous audio tones?,,DTMF,CTCSS,GMRS,D-STAR,,A
T2B07,2,How can you join a digital repeater’s “talkgroup”?,,Register with the local Frequency Coordinator,Register with the digital repeater control operator,Program your radio with the group’s ID or code,Program your radio with the DTMF tone used by the talkgroup,,C
T2B08,0,Which of the following applies when two stations transmitting on the same frequency interfere with each other?,,The stations should negotiate continued use of the frequency,Both stations should choose another frequency to avoid conflict,Whichever station was on the frequency first has preemptive rights to the frequency,Use subaudible tones so both stations can share the frequency,,A
T2B09,0,Why are simplex channels designated in the VHF/UHF band plans?,,So stations within range of each other can communicate without tying up a repeater,For contest operation,For working DX only,So stations with simple transmitters can access the repeater without automated offset,,A
T2B10,0,Which Q signal indicates that you are receiving interference from other stations?,,QRM,QRN,QTH,QSB,,A
T2B11,1,Which Q signal indicates that you are changing frequency?,,QRU,QSY,QSL,QRZ,,B
T2B12,0,What is the digital color code used on DMR repeater systems?,,An access code which must be programmed into a DMR transmitter to access a specific repeater,A code which automatically programs the repeater offset to a frequency chosen by the user,A code which identifies the specific CODEC being used so that the repeater can properly decode the audio,A code transmitted by the repeater to indicate health and status of the equipment,,A
T2B13,1,What is the purpose of a squelch function?,,Reduce a CW transmitter's key clicks,Mute the receiver audio when a signal is not present,Eliminate parasitic oscillations in an RF amplifier,Reduce interference from impulse noise,,B
T2B14,1,Which of the following is a “talkgroup”?,,A group of amateur radio operators who share email on a specific amateur radio topic,An identifier used by DMR to organize radio traffic so that those who want to hear the group aren’t bothered by other radio traffic,The members of a net organized for amateur radio operators with a specific common interest,A method of automatically alerting all group members to the frequency where any member is transmitting,,B
T2C01,3,When do the FCC Part 97 Amateur Radio Service rules NOT apply to the operation of an amateur station?,[97.103(a)],When operating under RACES rules,When operating under FEMA rules,When operating under ARES rules,FCC rules always apply,,D
T2C02,2,Which of the following are typical duties of a Net Control Station?,,Choose the regular net meeting time and frequency,Ensure that all stations checking into the net are properly licensed for operation on the net frequency,Call the net to order and direct communications between stations checking in,All these choices are correct,,C
T2C03,2,What technique is used to ensure that voice messages containing unusual words are received correctly?,,Send the words by voice and Morse code,Use the Q-code “QSR” to ask the receiving station to repeat the words back,Spell the words using a standard phonetic alphabet,All these choices are correct,,C
T2C04,3,What is RACES?,,An emergency organization combining amateur radio and citizens band operators and frequencies,An international radio experimentation society,"A radio contest held in a short period, sometimes called a “sprint”",An FCC Part 97 amateur radio service for civil defense communications during national emergencies,,D
T2C05,0,What does the term “traffic” refer to in net operation?,,Formal messages exchanged by net stations,The number of stations checking in and out of a net,Operation by mobile or portable stations,A count of the number of activations of the net each month,,A
T2C06,0,What is the Amateur Radio Emergency Service (ARES)?,,A group of licensed amateurs who have voluntarily registered their qualifications and equipment for communications duty in the public service,A group of licensed amateurs who are members of the military and who voluntarily agreed to provide message handling services in the case of an emergency,A training program that provides licensing courses for those interested in obtaining an amateur license to use during emergencies,A training program that certifies amateur operators for membership in the Radio Amateur Civil Emergency Service,,A
T2C07,2,Which of the following is standard practice when you participate in a net?,,"When first responding to the net control station, transmit your call sign, name, and address as in the FCC database",Record the time of each of your transmissions,"Unless you are reporting an emergency, transmit only when directed by the net control station",All these choices are correct,,C
T2C08,0,Which of the following relays messages using email addresses based on amateur callsigns?,,Winlink,FT8,PSK31,AMTOR,,A
T2C09,3,Are amateur station control operators ever permitted to operate outside the frequency privileges of their license class?,,No,"Yes, but only when part of a FEMA emergency plan","Yes, but only when part of a RACES emergency plan","Yes, but only in situations involving the immediate safety of human life or protection of property",,D
T2C10,3,What information is contained in the preamble of a formal traffic message?,,The email address of the originating station,The address of the intended recipient,The telephone number of the addressee,Information needed to track the message,,D
T2C11,0,What is meant by “check” in a radiogram header?,,The number of words or word equivalents in the text portion of the message,The call sign of the originating station,A list of stations that have relayed the message,A box on the message form that indicates that the message was received and/or relayed,,A
T2C12,1,Which of the following requires certification by a civil defense agency?,,ARES,RACES,MARS,SKYWARN,,B
T3A01,2,Why do VHF signal strengths sometimes vary greatly when the antenna is moved only a few feet?,,The signal path encounters different concentrations of water vapor,VHF ionospheric propagation is very sensitive to path length,Multipath propagation cancels or reinforces signals,The Doppler effect causes slight frequency shifts which result in changes in signal strength,,C
T3A02,1,How does vegetation affect UHF and microwave signals?,,"Causes knife-edge diffraction, distorting voice peaks","Absorbs signals, leading to poor reception of weak signals","Amplifies signals, improving reception of weak signals",Has no effect,,B
T3A03,2,What antenna polarization is normally used for long-distance CW and SSB contacts on the VHF and UHF bands?,,Right-hand circular,Left-hand circular,Horizontal,Vertical,,C
T3A04,1,What is the effect of antenna cross-polarization over a line-of-sight VHF or UHF path?,,Modulation sidebands might become inverted,Received signal strength is reduced,Signals have an echo effect,Nothing significant will happen,,B
T3A05,1,"When using a directional antenna, how might your station be able to communicate with a distant repeater if buildings or obstructions are blocking the direct line of sight path?",,Change from vertical to horizontal polarization,Try to find a path that reflects signals to the repeater,Try the long path,Increase the antenna SWR,,B
T3A06,1,What is the meaning of the term “picket fencing”?,,Alternating transmissions during a net operation,Rapid flutter on mobile signals due to multipath propagation,A type of ground system used with vertical antennas,Interference from cable TV in the form of carriers at fixed intervals across the band,,B
T3A07,2,What weather condition might decrease range at microwave frequencies?,,High winds,Low barometric pressure,Precipitation,Colder temperatures,,C
T3A08,3,What is a likely cause of irregular fading of signals propagated by the ionosphere?,,Frequency shift due to Faraday rotation,Interference from thunderstorms,Intermodulation distortion,Random combining of signals arriving via different paths,,D
T3A09,1,Which of the following results from the fact that signals propagated by the ionosphere are elliptically polarized?,,Digital modes are unusable,Either vertically or horizontally polarized antennas may be used for transmission or reception,FM voice is unusable,Both the transmitting and receiving antennas must be of the same polarization,,B
T3A10,3,What effect does multi-path propagation have on data transmissions?,,Transmission rates must be increased by a factor equal to the number of separate paths observed,Transmission rates must be decreased by a factor equal to the number of separate paths observed,No significant changes will occur if the signals are transmitted using FM,Error rates are likely to increase,,D
T3A11,2,Which region of the atmosphere can reflect HF radio waves?,,The stratosphere,The troposphere,The ionosphere,The electrosphere,,C
T3A12,1,What effect does fog or rain have on 10-meter and 6-meter band signals?,,Absorption,Little effect,Deflection,Increased range,,B
T3B01,3,What is the relationship between the electric and magnetic fields of an electromagnetic wave?,,They travel at different speeds,They are in parallel,They revolve in opposite directions,They are at right angles,,D
T3B02,0,What property of a radio wave defines its polarization?,,The orientation of the electric field,The orientation of the magnetic field,The ratio of the energy in the magnetic field to the energy in the electric field,The ratio of the velocity to the wavelength,,A
T3B03,2,What are the two components of a radio wave?,,Impedance and reactance,Voltage and current,Electric and magnetic fields,Ionizing and non-ionizing radiation,,C
T3B04,0,What is the velocity of a radio wave traveling through free space?,,Speed of light,Speed of sound,0.86 times the speed of light,1.86 times the speed of sound,,A
T3B05,1,What is the relationship between wavelength and frequency?,,Wavelength gets longer as frequency increases,Wavelength gets shorter as frequency increases,Wavelength is constant at all frequencies,Wavelength and frequency increase as path length increases,,B
T3B06,3,What is the formula for converting frequency to approximate wavelength in meters?,,Wavelength in meters equals frequency in hertz multiplied by 300,Wavelength in meters equals frequency in hertz divided by 300,Wavelength in meters equals frequency in megahertz divided by 300,Wavelength in meters equals 300 divided by frequency in megahertz,,D
T3B07,0,"In addition to frequency, which of the following is used to identify amateur radio bands?",,The approximate wavelength in meters,Traditional letter/number designators,Channel numbers,All these choices are correct,,A
T3B08,1,What frequency range is referred to as VHF?,,30 kHz to 300 kHz,30 MHz to 300 MHz,300 kHz to 3000 kHz,300 MHz to 3000 MHz,,B
T3B09,3,What frequency range is referred to as UHF?,,30 to 300 kHz,30 to 300 MHz,300 to 3000 kHz,300 to 3000 MHz,,D
T3B10,2,What frequency range is referred to as HF?,,300 to 3000 MHz,30 to 300 MHz,3 to 30 MHz,300 to 3000 kHz,,C
T3B11,1,What is the approximate velocity of a radio wave in free space?,,"150,000,000 meters per second","300,000,000 meters per second","300,000,000 miles per hour","150,000,000 miles per hour",,B
T3B12,3,Which of these frequencies travels at the highest velocity in free space?,,Microwaves,UHF,VHF,All radio frequencies travel at the same velocity,,D
T3C01,2,Why are simplex UHF signals rarely heard beyond their radio horizon?,,They are too weak to go very far,FCC regulations prohibit them from going more than 50 miles,UHF signals are usually not propagated by the ionosphere,UHF signals are absorbed by the ionospheric D region,,C
T3C02,2,What is a characteristic of HF communication compared with communications on VHF and higher frequencies?,,HF antennas are generally smaller,HF accommodates wider bandwidth signals,Long-distance ionospheric propagation is far more common on HF,There is less atmospheric interference (static) on HF,,C
T3C03,1,What is one characteristic of VHF signals received via auroral backscatter?,,"They are often received from 10,000 miles or more","They are distorted, with a characteristic raspy sound",They occur only during winter nighttime hours,They are generally strongest when your antenna is aimed west,,B
T3C04,1,"Which of the following types of propagation is most commonly associated with occasional strong signals on the 10-, 6-, and 2-meter bands from beyond the radio horizon?",,Backscatter,Sporadic E,D region absorption,Gray-line propagation,,B
T3C05,0,Which of the following effects may allow radio signals to travel beyond obstructions between the transmitting and receiving stations?,,Knife-edge diffraction,Faraday rotation,Quantum tunneling,Doppler shift,,A
T3C06,0,What type of propagation is responsible for allowing over-the-horizon VHF and UHF communications to ranges of approximately 300 miles on a regular basis?,,Tropospheric ducting,D region refraction,F2 region refraction,Faraday rotation,,A
T3C07,1,What band is best suited for communicating via meteor scatter?,,33 centimeters,6 meters,2 meters,70 centimeters,,B
T3C08,3,What causes tropospheric ducting?,,Discharges of lightning during electrical storms,Sunspots and solar flares,Updrafts from hurricanes and tornadoes,Temperature inversions in the atmosphere,,D
T3C09,0,What is generally the best time for long-distance 10-meter band propagation via the F region?,,From dawn to shortly after sunset during periods of high sunspot activity,From shortly after sunset to dawn during periods of high sunspot activity,From dawn to shortly after sunset during periods of low sunspot activity,From shortly after sunset to dawn during periods of low sunspot activity,,A
T3C10,0,Which of the following bands may provide long-distance communications via the ionosphere’s F region during the peak of the sunspot cycle?,,6 and 10 meters,23 centimeters,70 centimeters and 1.25 meters,All these choices are correct,,A
T3C11,2,Why is the radio horizon for VHF and UHF signals more distant than the visual horizon?,,Radio signals move somewhat faster than the speed of light,Radio waves are not blocked by dust particles,The atmosphere refracts radio waves slightly,Radio waves are blocked by dust particles,,C
T4A01,3,Which of the following is an appropriate power supply rating for a typical 50-watt output mobile FM transceiver?,,24.0 volts at 4 amperes,13.8 volts at 4 amperes,24.0 volts at 12 amperes,13.8 volts at 12 amperes,,D
T4A02,0,Which of the following should be considered when selecting an accessory SWR meter?,,The frequency and power level at which the measurements will be made,The distance that the meter will be located from the antenna,The maximum SWR anticipated on the transmission line,The ability of the meter to compensate for a poor transmission line match to the antenna,,A
T4A03,0,"Why are short, heavy-gauge wires used for a transceiver’s DC power connection?",,To minimize voltage drop when transmitting,To provide a close match to the power supply output impedance,To avoid RF interference,To minimize radiative losses in the power cable,,A
T4A04,1,How are the audio input and output of a transceiver connected in a station configured to operate using FT8?,,To a computer running a terminal program and connected to a terminal node controller unit,To the audio output and input of a computer running FT8 software,"To an FT8 conversion unit, a keyboard, and a computer monitor",To a computer connected to the FT8converter.com website,,B
T4A05,0,Where should an RF power meter be installed?,,"In the feed line, between the transmitter and antenna",At the power supply output,In parallel with the push-to-talk line and the antenna,"In the power supply cable, as close as possible to the radio",,A
T4A06,2,What signals are used in a computer-radio interface for digital mode operation?,,"Receive and transmit mode, status, and location",Antenna and RF power,"Receive audio, transmit audio, and transmitter keying",NMEA GPS location and DC power,,C
T4A07,2,Which of the following is one of the connections required between a computer and a transceiver to operate digital modes?,,Computer “line out” to transceiver push-to-talk,Computer “line in” to transceiver push-to-talk,Computer “line in” to transceiver speaker connector,Computer “line out” to transceiver speaker connector,,C
T4A08,3,Which of the following conductors is preferred for bonding at RF?,,Copper braid removed from coaxial cable,Copper-clad steel wire,Twisted-pair cable,Flat copper strap,,D
T4A09,1,How can you determine the length of time that equipment can be powered from a battery?,,Divide the watt-hour rating of the battery by the peak power consumption of the equipment,Divide the battery ampere-hour rating by the average current draw of the equipment,Multiply the watts per hour consumed by the equipment by the battery power rating,Multiply the square of the current rating of the battery by the input resistance of the equipment,,B
T4A10,0,What function does a digital mode hotspot perform for nearby transceivers?,,Communication with a digital voice or data network,FT8 digital communications via AFSK using a smartphone connected to the internet,RTTY encoding and decoding without a computer,High-speed digital communications for meteor scatter,,A
T4A11,0,Where should the negative power return of a mobile transceiver be connected in a vehicle?,,At the 12-volt battery chassis ground,To the shell of the power connector,To any metal part of the vehicle,Through the transceiver’s mounting bracket,,A
T4A12,2,What is an electronic keyer?,,A device for switching antennas from transmit to receive,A device for voice activated switching from receive to transmit,A device that assists in manual sending of Morse code,An interlock to prevent unauthorized use of a radio,,C
T4B01,1,What is the effect of excessive microphone gain on SSB transmissions?,,Frequency instability,Distorted transmitted audio,Increased SWR,Sideband inversion,,B
T4B02,0,Which of the following can be used to enter a transceiver’s operating frequency?,,The keypad or VFO knob,The CTCSS or DTMF encoder,The Automatic Frequency Control,All these choices are correct,,A
T4B03,0,How is squelch adjusted so that a weak FM signal can be heard?,,Set the squelch threshold so that receiver output audio is on all the time,Turn up the audio level until it overcomes the squelch threshold,Turn on the anti-squelch function,Enable squelch enhancement,,A
T4B04,3,What does an FM signal sound like when received slightly off frequency?,,The audio increases in pitch,The audio decrease in pitch,There is no effect except for reduction in amplitude,The audio becomes distorted,,D
T4B05,2,What does the scanning function of an FM transceiver do?,,Checks incoming signal deviation,Prevents interference to nearby repeaters,Tunes through a range of frequencies to check for activity,Tunes through a range of frequencies to determine the antenna’s resonant frequency,,C
T4B06,3,Which of the following controls could be used if the voice pitch of a single-sideband signal returning to your CQ call seems too high or low?,,The AGC or limiter,The bandwidth selection,The tone squelch,The RIT or Clarifier,,D
T4B07,1,What is a DMR “code plug”?,,An adapter cable used to connect a DMR radio to a computer for internet access,Configuration data loaded onto your radio to access repeaters and talkgroups,An upgrade to DMR programming software provided by the radio manufacturer to accommodate new radio models,A Coder-Decoder (CODEC) that converts analog voice data to DMR digital data and vice versa,,B
T4B08,1,What is the advantage of having a choice of receiver filter bandwidths in a multimode transceiver?,,Permits monitoring several modes simultaneously by selecting a separate filter for each mode,Permits noise or interference reduction by selecting a bandwidth matching the mode,Increases the number of frequencies that can be stored in memory,Increases the amount of offset between receive and transmit frequencies,,B
T4B09,2,How is a specific group of stations selected on a DMR digital voice transceiver?,,By retrieving the frequencies from transceiver memory,By enabling the group’s CTCSS tone,By entering the group’s identification code,"By inserting a five-pin, pre-programmed code plug",,C
T4B10,2,Which of the following receiver filter bandwidths provides the best signal-to-noise ratio for SSB reception?,,500 Hz,1000 Hz,2400 Hz,5000 Hz,,C
T4B11,0,Which of the following must be programmed into a D-STAR digital transceiver before transmitting?,,Your call sign,Your output power,The codec type being used,All these choices are correct,,A
T5A01,3,Electrical current is measured in which of the following units?,,Volts,Watts,Ohms,Amperes,,D
T5A02,1,Electrical power is measured in which of the following units?,,Volts,Watts,Watt-hours,Amperes,,B
T5A03,3,What is the term for the flow of electrons in an electric circuit?,,Voltage,Amperes per second,Volts per second,Current,,D
T5A04,2,What term describes the number of times per second that an alternating current makes a complete cycle?,,Pulse rate,Wave number,Frequency,Wavelength,,C
T5A05,0,A difference in which of the following causes electron flow?,,Voltage,Ampere-hours,Capacitance,Inductance,,A
T5A06,0,What is the unit of frequency?,,Hertz,Henry,Farad,Epicycles per second,,A
T5A07,1,Why are metals generally good conductors of electricity?,,They have relatively high density,They have many free electrons,They have many free protons,They have relatively high Young’s modulus values,,B
T5A08,1,Which of the following is a good electrical insulator?,,Sea water,Glass,Stainless steel,Graphite,,B
T5A09,2,Which of the following describes alternating current?,,Current that alternates between a positive direction and zero,Current that alternates between a negative direction and zero,Current that alternates between positive and negative directions,All these answers are correct,,C
T5A10,2,Which term describes the rate at which electrical energy is used?,,Resistance,Current,Power,Voltage,,C
T5A11,3,What type of current flow is opposed by resistance?,,Direct current,Alternating current,RF current,All these choices are correct,,D
T5B01,2,How many milliamperes is 1.5 amperes?,,0.0000015 milliamperes,0.0015 milliamperes,1500 milliamperes,"1,500,000 milliamperes",,C
T5B02,0,"Which is equal to 1,500,000 hertz?",,1500 kHz,1500 MHz,15 GHz,150 kHz,,A
T5B03,2,Which is equal to one kilovolt?,,One one-thousandth of a volt,One hundred volts,One thousand volts,One million volts,,C
T5B04,0,Which is equal to one microvolt?,,One one-millionth of a volt,One million volts,One thousand kilovolts,One one-thousandth of a volt,,A
T5B05,1,Which is equal to 500 milliwatts?,,5 watts,0.5 watts,"500,000 watts","500,000,000 watts",,B
T5B06,3,Which is equal to 3000 milliamperes?,,0.003 amperes,0.3 amperes,"3,000,000 amperes",3 amperes,,D
T5B07,2,Which is equal to 3.525 MHz?,,0.003525 kHz,35.25 kHz,3525 kHz,"3,525,000 kHz",,C
T5B08,1,"Which is equal to 1,000,000 picofarads?",,0.001 microfarads,1 microfarad,1000 microfarads,"1,000,000,000 microfarads",,B
T5B09,1,Which decibel value most closely represents a power increase from 5 watts to 10 watts?,,2 dB,3 dB,5 dB,10 dB,,B
T5B10,2,Which decibel value most closely represents a power decrease from 12 watts to 3 watts?,,-1 dB,-3 dB,-6 dB,-9 dB,,C
T5B11,0,Which decibel value represents a power increase from 20 watts to 200 watts?,,10 dB,12 dB,18 dB,28 dB,,A
T5B12,3,Which is equal to 28400 kHz?,,28.400 kHz,2.800 MHz,284.00 MHz,28.400 MHz,,D
T5B13,2,Which is equal to 2425 MHz?,,0.002425 GHz,24.25 GHz,2.425 GHz,242.5 GHz,,C
T5C01,3,What describes the ability to store energy in an electric field?,,Inductance,Resistance,Frequency,Capacitance,,D
T5C02,0,What is the unit of capacitance?,,Farad,Ohm,Volt,Henry,,A
T5C03,3,What describes the ability to store energy in a magnetic field?,,Admittance,Capacitance,Resistance,Inductance,,D
T5C04,2,What is the unit of inductance?,,Coulomb,Farad,Henry,Ohm,,C
T5C05,3,What is the unit of impedance?,,Volt,Ampere,Coulomb,Ohm,,D
T5C06,0,What is the abbreviation for kilohertz?,,kHz,khz,KHz,KHZ,,A
T5C07,3,What is the abbreviation for megahertz?,,mHz,mHZ,Mhz,MHz,,D
T5C08,0,What formula is used to calculate electrical power (P) in a DC circuit?,,P = I x E,P = E / I,P = I2 x E,P = I / E,,A
T5C09,0,How much power is delivered by a voltage of 13.8 volts DC and a current of 10 amperes?,,138 watts,0.7 watts,23.8 watts,3.8 watts,,A
T5C10,1,How much power is delivered by a voltage of 12 volts DC and a current of 2.5 amperes?,,4.8 watts,30 watts,14.5 watts,0.208 watts,,B
T5C11,1,How much current is required to deliver 120 watts at a voltage of 12 volts DC?,,0.1 amperes,10 amperes,12 amperes,132 amperes,,B
T5C12,0,What is impedance?,,The opposition to AC current flow,The inverse of resistance,The inverse of reactance,The power handling capability of a component,,A
T5D01,1,What formula is used to calculate current in a circuit?,,I = E x R,I = E / R,I = E2 x R,I = E2 / R,,B
T5D02,0,What formula is used to calculate voltage in a circuit?,,E = I x R,E = I / R,E = I2 x R,E = I2 / R,,A
T5D03,1,What formula is used to calculate resistance in a circuit?,,R = E x I,R = E / I,R = E + I,R = E - I,,B
T5D04,1,What is the resistance of a circuit in which a current of 3 amperes flows when connected to 90 volts?,,3 ohms,30 ohms,1/30 ohm,270 ohms,,B
T5D05,2,What is the resistance of a circuit for which the applied voltage is 12 volts and the current flow is 1.5 amperes?,,18 ohms,0.125 ohms,8 ohms,13.5 ohms,,C
T5D06,0,What is the resistance of a circuit that draws 4 amperes from a 12-volt source?,,3 ohms,16 ohms,48 ohms,8 ohms,,A
T5D07,3,What is the current in a circuit with an applied voltage of 120 volts and a resistance of 80 ohms?,,9600 amperes,200 amperes,0.667 amperes,1.5 amperes,,D
T5D08,2,What is the current through a 100-ohm resistor connected across 200 volts?,,"20,000 amperes",0.5 amperes,2 amperes,100 amperes,,C
T5D09,2,What is the current through a 24-ohm resistor connected across 240 volts?,,2400 amperes,0.1 amperes,10 amperes,5760 amperes,,C
T5D10,0,What is the voltage across a 2-ohm resistor if a current of 0.5 amperes flows through it?,,1 volt,0.25 volts,2.5 volts,1.5 volts,,A
T5D11,1,What is the voltage across a 10-ohm resistor if a current of 1 ampere flows through it?,,1 volt,10 volts,11 volts,9 volts,,B
T5D12,3,What is the voltage across a 10-ohm resistor if a current of 2 amperes flows through it?,,8 volts,0.2 volts,12 volts,20 volts,,D
T5D13,0,In which type of circuit is the current always the same through all components?,,Series,Parallel,Resonant,Branch,,A
T5D14,1,In which type of circuit is the voltage always the same across all components?,,Series,Parallel,Resonant,Branch,,B
T6A01,1,What electrical component opposes the flow of current in a DC circuit?,,Inductor,Resistor,Inverter,Transformer,,B
T6A02,2,What type of component is often used as an adjustable volume control?,,Fixed resistor,Power resistor,Potentiometer,Transformer,,C
T6A03,1,What electrical parameter is controlled by a potentiometer?,,Inductance,Resistance,Capacitance,Field strength,,B
T6A04,1,What electrical component stores energy in an electric field?,,Resistor,Capacitor,Inductor,Diode,,B
T6A05,3,What type of electrical component consists of conductive surfaces separated by an insulator?,,Resistor,Potentiometer,Oscillator,Capacitor,,D
T6A06,2,What type of electrical component stores energy in a magnetic field?,,Resistor,Capacitor,Inductor,Diode,,C
T6A07,3,What electrical component is typically constructed as a coil of wire?,,Transistor,Capacitor,Diode,Inductor,,D
T6A08,2,What is the function of an SPDT switch?,,A single circuit is opened or closed,Two circuits are opened or closed,A single circuit is switched between one of two other circuits,Two circuits are each switched between one of two other circuits,,C
T6A09,0,What type of switch is represented by component 3 in figure T-2?,,Single-pole single-throw,Single-pole double-throw,Double-pole single-throw,Double-pole double-throw,t-2.png,A
T6A10,3,Which of the following battery chemistries is rechargeable?,,Nickel-metal hydride,Lithium-ion,Lead-acid,All these choices are correct,,D
T6A11,1,Which of the following battery chemistries is not rechargeable?,,Nickel-cadmium,Carbon-zinc,Lead-acid,Lithium-ion,,B
T6B01,0,Which is true about forward voltage drop in a diode?,,It is lower in some diode types than in others,It is proportional to peak inverse voltage,It indicates that the diode is defective,It has no impact on the voltage delivered to the load,,A
T6B02,2,What electronic component allows current to flow in only one direction?,,Resistor,Fuse,Diode,Driven element,,C
T6B03,2,Which of these components can be used as an electronic switch?,,Varistor,Potentiometer,Transistor,Thermistor,,C
T6B04,1,Which of the following components can consist of three regions of semiconductor material?,,Alternator,Transistor,Triode,Pentode,,B
T6B05,1,"What type of transistor has a gate, drain, and source?",,Varistor,Field-effect,Hall-effect,Bipolar junction,,B
T6B06,1,How is the cathode lead of a semiconductor diode often marked on the package?,,"With the word ""cathode""",With a stripe,With the letter C,With the letter K,,B
T6B07,0,What causes a light-emitting diode (LED) to emit light?,,Forward current,Reverse current,Capacitively-coupled RF signal,Inductively-coupled RF signal,,A
T6B08,3,What does the abbreviation FET stand for?,,Frequency Emission Transmitter,Fast Electron Transistor,Free Electron Transmitter,Field Effect Transistor,,D
T6B09,2,What are the names for the electrodes of a diode?,,Plus and minus,Source and drain,Anode and cathode,Gate and base,,C
T6B10,1,Which of the following can provide power gain?,,Transformer,Transistor,Reactor,Resistor,,B
T6B11,3,What does the term gain mean in amplifiers?,,The output signal voltage relative to the input signal voltage,The output signal current relative to the input signal current,The output signal power relative to the input signal power,All these choices are correct,,D
T6B12,1,What are the names of the electrodes of a bipolar junction transistor?,,"Signal, bias, power","Emitter, base, collector","Input, output, supply","Pole one, pole two, output",,B
T6C01,2,What is an electrical diagram using standard component symbols called?,,Connection chart,Instrumentation system,Schematic,Flow chart,,C
T6C02,0,What is component 1 in figure T-1?,,Resistor,Transistor,Battery,Connector,t-1.png,A
T6C03,1,What is component 2 in figure T-1?,,Resistor,Transistor,Indicator lamp,Connector,t-1.png,B
T6C04,2,What is component 3 in figure T-1?,,Resistor,Transistor,Lamp,Ground symbol,t-1.png,C
T6C05,3,What is component 4 in figure T-1?,,Resistor,Transistor,Ground symbol,Battery,t-1.png,D
T6C06,1,What is component 6 in figure T-2?,,Resistor,Capacitor,Regulator IC,Transistor,t-2.png,B
T6C07,3,What is component 8 in figure T-2?,,Resistor,Inductor,Regulator IC,Light emitting diode,t-2.png,D
T6C08,2,What is component 9 in figure T-2?,,Variable capacitor,Variable inductor,Variable resistor,Variable transformer,t-2.png,C
T6C09,3,What is component 4 in figure T-2?,,Variable inductor,Double-pole switch,Potentiometer,Transformer,t-2.png,D
T6C10,3,What is component 3 in figure T-3?,,Connector,Meter,Variable capacitor,Variable inductor,t-3.png,D
T6C11,0,What is component 4 in figure T-3?,,Antenna,Transmitter,Dummy load,Ground,t-3.png,A
T6C12,2,Which of the following is accurately represented in electrical schematics?,,Wire lengths,Physical appearance of components,Component connections,All these choices are correct,,C
T6D01,1,Which of the following devices or circuits changes an alternating current into a varying direct current signal?,,Transformer,Rectifier,Amplifier,Reflector,,B
T6D02,0,What is a relay?,,An electrically-controlled switch,A current-controlled amplifier,An inverting amplifier,A pass transistor,,A
T6D03,2,Which of the following is a reason to use shielded wire?,,To decrease the resistance of DC power connections,To increase the current carrying capability of the wire,To prevent coupling of unwanted signals to or from the wire,To reduce receiver overload,,C
T6D04,2,Which of the following displays an electrical quantity as a numeric value?,,Potentiometer,Transistor,Meter,Relay,,C
T6D05,0,What type of circuit controls the amount of voltage from a power supply?,,Regulator,Oscillator,Filter,Phase inverter,,A
T6D06,1,What component changes 120 V AC power to a lower AC voltage for other uses?,,Variable capacitor,Transformer,Transistor,Diode,,B
T6D07,0,Which of the following is commonly used as a visual indicator?,,LED,FET,Zener diode,All these choices are correct,,A
T6D08,3,Which of the following is combined with an inductor to make a resonant circuit?,,Resistor,Zener diode,Potentiometer,Capacitor,,D
T6D09,2,What is the name of a device that combines several semiconductors and other components into one package?,,Transducer,Multi-pole relay,Integrated circuit,Transformer,,C
T6D10,2,What is the function of component 2 in figure T-1?,,Give off light when current flows through it,Supply electrical energy,Control the flow of current,Convert electrical energy into radio waves,t-1.png,C
T6D11,0,Which of the following is a resonant or tuned circuit?,,An inductor and a capacitor in series or parallel,A linear voltage regulator,A resistor circuit used for reducing standing wave ratio,A circuit designed to provide high-fidelity audio,,A
T7A01,1,Which term describes the ability of a receiver to detect the presence of a signal?,,RF gain,Sensitivity,Selectivity,Total Harmonic Distortion,,B
T7A02,0,What is a transceiver?,,A device that combines a receiver and transmitter,A device for matching feed line impedance to 50 ohms,A device for automatically sending and decoding Morse code,A device for converting receiver and transmitter frequencies to another band,,A
T7A03,1,Which of the following is used to convert a signal from one frequency to another?,,Phase splitter,Mixer,Inverter,Amplifier,,B
T7A04,2,Which term describes the ability of a receiver to discriminate between multiple signals?,,Discrimination ratio,Sensitivity,Selectivity,Harmonic distortion,,C
T7A05,3,What is the name of a circuit that generates a signal at a specific frequency?,,Reactance modulator,Phase modulator,Low-pass filter,Oscillator,,D
T7A06,2,What device converts the RF input and output of a transceiver to another band?,,High-pass filter,Low-pass filter,Transverter,Phase converter,,C
T7A07,1,What is the function of a transceiver’s PTT input?,,Input for a key used to send CW,Switches transceiver from receive to transmit when grounded,Provides a transmit tuning tone when grounded,Input for a preamplifier tuning tone,,B
T7A08,2,Which of the following describes combining speech with an RF carrier signal?,,Impedance matching,Oscillation,Modulation,Low-pass filtering,,C
T7A09,1,What is the function of the switch which selects either SSB or CW-FM on some VHF power amplifiers?,,Change the mode of the transmitted signal,Set the amplifier for proper operation in the selected mode,Change the frequency range of the amplifier to operate in the proper segment of the band,Reduce the received signal noise,,B
T7A10,1,What can be added to the output of a transceiver to increase the transmitted output power?,,A potentiometer,An RF power amplifier,An impedance multiplier,All these choices are correct,,B
T7A11,0,What is the function of the Variable Frequency Oscillator (VFO) circuit in a transceiver?,,Set the receive and transmit frequency,Provide automatic frequency control,Inject a variable frequency to allow CW reception,Generate and demodulate single sideband signals,,A
T7B01,3,What can you do if you are told your FM handheld or mobile transceiver is over-deviating?,,Talk louder into the microphone,Let the transceiver cool off,Change to a higher power level,Talk farther away from the microphone,,D
T7B02,0,What would cause a broadcast AM or FM radio to receive an amateur radio transmission unintentionally?,,The receiver is unable to reject strong signals outside the AM or FM band,The microphone gain of the transmitter is turned up too high,The audio amplifier of the transmitter is overloaded,The deviation of an FM transmitter is set too low,,A
T7B03,3,Which of the following can cause radio frequency interference?,,Fundamental overload,Harmonics,Spurious emissions,All these choices are correct,,D
T7B04,3,Which of the following might be the cause of low RF power output from a solid-state transceiver?,,Poor amplifier noise figure,Poor amplifier linearity,Low SWR,High SWR,,D
T7B05,0,Which of the following might reduce interference by an amateur station to a non-amateur over-the-air radio receiver?,,Block the amateur signal with a filter at the antenna input of the affected receiver,Block the interfering signal with a filter on the amateur transmitter,Switch the transmitter from FM to SSB,Switch the transmitter to a narrow-band mode,,A
T7B06,0,Which of the following actions should you take if a neighbor tells you that your station’s transmissions are interfering with their radio or TV reception?,,Make sure that your station is functioning properly and that it does not cause interference to your own radio or television when it is tuned to the same channel,Immediately turn off your transmitter and contact the nearest FCC office for assistance,Install a harmonic doubler on the output of your transmitter and tune it until the interference is eliminated,All these choices are correct,,A
T7B07,3,Which of the following can reduce interference to a 2-meter band transceiver from a nearby commercial FM station?,,Installing an RF preamplifier,Using double-shielded coaxial cable,Installing bypass capacitors on the microphone cable,Installing a band-reject filter,,D
T7B08,3,What should you do if something in a neighbor’s home is causing harmful interference to your amateur station?,,Work with your neighbor to identify the offending device,Politely inform your neighbor that FCC rules prohibit the use of devices that cause interference,Make sure your station meets the standards of good amateur practice,All these choices are correct,,D
T7B09,3,What should be the first step to resolve non-fiber optic cable TV interference caused by your amateur radio transmission?,,Add a low-pass filter to the TV antenna input,Add a high-pass filter to the TV antenna input,Add a preamplifier to the TV antenna input,Be sure all TV feed line coaxial connectors are installed properly,,D
T7B10,3,What might be a problem if you receive a report that your audio signal through an FM repeater is distorted or unintelligible?,,Your transmitter is slightly off frequency,You are speaking too loudly or too close to the microphone,You are in a bad location,All these choices are correct,,D
T7B11,2,Which of the following can eliminate distorted voice transmissions?,,Adding extra feedline to the antenna to lower SWR,Turning the radio on and off to reset the computer-controlled circuitry,Adding a clip-on ferrite “choke” to the microphone cable to prevent the transmitted signal from feeding back into the transmitter,Turning the squelch control fully clockwise to prevent the transmitted signal from triggering the squelch circuit,,C
T7C01,0,What is the primary purpose of a dummy load?,,To prevent transmitting signals over the air when making tests,To prevent over-modulation of a transmitter,To improve the efficiency of an antenna,To improve the signal-to-noise ratio of a receiver,,A
T7C02,1,Which of the following is used to determine if an antenna is resonant at the desired operating frequency?,,A VTVM,An antenna analyzer,A Q meter,A frequency counter,,B
T7C03,1,What does a typical RF dummy load consist of?,,A low-voltage power supply and an AC relay,A 50-ohm non-inductive resistor mounted on a heat sink,A low-voltage power supply and a DC relay,A 50-ohm inductive reactance mounted in a shielded enclosure,,B
T7C04,2,What reading on an SWR meter indicates a perfect impedance match between the antenna and the feed line?,,50:50,Zero,1:1,Full Scale,,C
T7C05,0,Why do most solid-state transmitters reduce output power as SWR increases beyond a certain level?,,To protect the RF output amplifier transistors,To comply with FCC rules on spectral purity,Because power supplies cannot supply enough current at high SWR,To lower the SWR on the transmission line,,A
T7C06,3,What does an SWR reading of 4:1 indicate?,,Loss of -4 dB,Good impedance match,Gain of +4 dB,Impedance mismatch,,D
T7C07,2,What happens to power lost in a feed line?,,It increases the SWR,It is radiated as harmonics,It is converted into heat,It distorts the signal,,C
T7C08,3,Which instrument can be used to determine SWR?,,Voltmeter,Ohmmeter,Iambic pentameter,Directional wattmeter,,D
T7C09,0,Which of the following causes failure of coaxial cables?,,Moisture contamination,Solder flux contamination,Rapid fluctuation in transmitter output power,Operation at 100% duty cycle for an extended period,,A
T7C10,3,Why should the outer jacket of coaxial cable be resistant to ultraviolet light?,,Ultraviolet light can increase the resistance of the conductors,Ultraviolet light can increase losses in the cable’s jacket,"Ultraviolet and RF signals can mix, causing interference",Ultraviolet light can damage the jacket and allow water to enter the cable,,D
T7C11,2,What is an advantage of foam-dielectric versus solid-dielectric coaxial cable?,,It is more resistant to moisture contamination,It has higher voltage breakdown,It has less loss per foot,It has a better impedance match to 50 ohms,,C
T7D01,1,Which instrument would you use to measure electric potential?,,An ammeter,A voltmeter,A potentiometer,An ohmmeter,,B
T7D02,1,How is a voltmeter connected to a component to measure applied voltage?,,In series,In parallel,In quadrature,In phase,,B
T7D03,0,"When configured to measure current, how is a multimeter connected to a component?",,In series,In parallel,In quadrature,In phase,,A
T7D04,3,Which instrument is used to measure electric current?,,An ohmmeter,An electrometer,A voltmeter,An ammeter,,D
T7D05,0,How does an ohmmeter measure the resistance of a circuit or component?,,By applying a small current and measuring the resulting voltage,By placing a variable resistor in parallel with the circuit,By placing a variable resistor in series with the circuit,By applying a variable voltage and measuring the resulting current change,,A
T7D06,2,Which of the following can damage a multimeter?,,Attempting to measure resistance using the voltage setting,Failing to connect one of the probes to ground,Attempting to measure voltage when using the resistance setting,Not allowing it to warm up properly,,C
T7D07,2,Which of the following measurements are made using a multimeter?,,Signal strength and noise,Impedance and reactance,Voltage and resistance,All these choices are correct,,C
T7D08,0,Which of the following types of solder should not be used for radio and electronic applications?,,Acid-core solder,Lead-tin solder,Rosin-core solder,Tin-copper solder,,A
T7D09,2,What is the characteristic appearance of a cold tin-lead solder joint?,,Dark black spots,A bright or shiny surface,A rough or lumpy surface,A greenish tinge,,C
T7D10,0,"What reading indicates that an ohmmeter is connected across a large, discharged capacitor?",,Increasing resistance with time,Decreasing resistance with time,Steady full-scale reading,Alternating between open and short circuit,,A
T7D11,1,Which of the following precautions should be taken when measuring in-circuit resistance with an ohmmeter?,,Ensure that the applied voltages are correct,Ensure that the circuit is not powered,Ensure that the circuit is grounded,Ensure that the circuit is operating at the correct frequency,,B
T8A01,2,Which of the following is a form of amplitude modulation?,,Spread spectrum,Packet radio,Single sideband,Phase shift keying (PSK),,C
T8A02,0,What type of modulation is commonly used for VHF packet radio transmissions?,,FM or PM,SSB,AM,PSK,,A
T8A03,2,Which type of voice mode is often used for long-distance (weak signal) contacts on the VHF and UHF bands?,,FM,DRM,SSB,PM,,C
T8A04,3,Which type of modulation is commonly used for VHF and UHF voice repeaters?,,AM,SSB,PSK,FM or PM,,D
T8A05,2,Which of the following signal types has the narrowest bandwidth?,,FM voice,SSB voice,CW,Slow-scan TV,,C
T8A06,0,"Which sideband is normally used for 10-meter HF, VHF, and UHF single-sideband communications?",,Upper sideband,Lower sideband,Suppressed sideband,Inverted sideband,,A
T8A07,2,What is one characteristic of single sideband (SSB) compared to FM?,,SSB signals are easier to tune in correctly,SSB signals are less susceptible to interference,SSB signals have narrower bandwidth,SSB signals are less susceptible to high SWR,,C
T8A08,1,What is the approximate bandwidth of a typical single sideband (SSB) voice signal?,,1 kHz,3 kHz,6 kHz,15 kHz,,B
T8A09,2,What is the approximate bandwidth of an FM voice signal on VHF repeaters?,,Less than 500 Hz,About 150 kHz,Between 10 and 15 kHz,Between 50 and 125 kHz,,C
T8A10,1,What is the approximate bandwidth of AM fast-scan TV transmissions?,,More than 10 MHz,About 6 MHz,About 3 MHz,About 1 MHz,,B
T8A11,1,What is the approximate bandwidth required to transmit a CW signal?,,2.4 kHz,150 Hz,1000 Hz,15 kHz,,B
T8A12,1,Which of the following is a disadvantage of FM compared with single sideband?,,Voice quality is poorer,Only one signal can be received at a time,FM signals are harder to tune,FM signals are more susceptible to high SWR,,B
T8B01,2,What telemetry information is typically transmitted by satellite beacons?,,The signal strength of received signals,Time of day accurate to plus or minus 1/10 second,Health and status of the satellite,All these choices are correct,,C
T8B02,1,What is the impact of using excessive effective radiated power on a satellite uplink?,,Possibility of commanding the satellite to an improper mode,Blocking access by other users,Overloading the satellite batteries,Possibility of rebooting the satellite control computer,,B
T8B03,3,Which of the following are provided by satellite tracking programs?,,Maps showing the real-time position of the satellite track over Earth,"The time, azimuth, and elevation of the start, maximum altitude, and end of a pass","The apparent frequency of the satellite transmission, including effects of Doppler shift",All these choices are correct,,D
T8B04,3,What mode of transmission is commonly used by amateur radio satellites?,,SSB,FM,CW/data,All these choices are correct,,D
T8B05,3,What is a satellite beacon?,,The primary transmit antenna on the satellite,An indicator light that shows where to point your antenna,A reflective surface on the satellite,A transmission from a satellite that contains status information,,D
T8B06,1,Which of the following are inputs to a satellite tracking program?,,The satellite transmitted power,The Keplerian elements,The last observed time of zero Doppler shift,All these choices are correct,,B
T8B07,2,What is Doppler shift in reference to satellite communications?,,A change in the satellite orbit,A mode where the satellite receives signals on one band and transmits on another,An observed change in signal frequency caused by relative motion between the satellite and Earth station,A special digital communications mode for some satellites,,C
T8B08,1,What does it mean if a satellite is operating in U/V mode?,,The satellite uplink is in the 15-meter band and the downlink is in the 10-meter band,The satellite uplink is in the 70-centimeter band and the downlink is in the 2-meter band,The satellite operates using ultraviolet frequencies,The satellite frequencies are usually variable,,B
T8B09,1,What causes spin fading of satellite signals?,,Circular polarized noise interference radiated from the sun,Rotation of the satellite and its antennas,Doppler shift of the received signal,Interfering signals within the satellite uplink band,,B
T8B10,3,What does the term LEO mean in reference to communication satellites?,,"Low Energy Orbit, which conserves battery power","Low Elevation Orbit, which appears close to the horizon from the earth station","Low Equilibrium Orbit, which has a slightly unstable period","Low Earth Orbit, which has a period of around 100 minutes",,D
T8B11,0,Who is permitted to receive telemetry from an amateur radio satellite?,,Anyone,Only the satellite control operator,Only the control operator or a licensed radio amateur who has received the encryption key from the control operator,Only a licensed radio amateur who has received the encryption key from AMSAT,,A
T8B12,2,Which of the following is a way to determine whether your satellite uplink power into a linear transponder satellite is neither too low nor too high?,,Check your signal strength report in the telemetry data,Listen for distortion on your downlink signal,Your signal strength on the downlink should be about the same as the beacon,Compare your signal to others on the downlink using an internet SDR receiver,,C
T8C01,2,Which of the following methods is used to locate sources of noise interference or jamming?,,Echolocation,Doppler radar,Radio direction finding,Phase locking,,C
T8C02,1,Which of these items would be useful for a hidden transmitter hunt?,,Calibrated SWR meter,A directional antenna,A directional wattmeter,All these choices are correct,,B
T8C03,3,What operating activity involves contacting as many stations as possible during a specified period?,,Simulated emergency exercises,Net operations,Hidden transmitter hunts,Contesting,,D
T8C04,2,Which of the following is good practice when contacting another station in a contest?,,Signing only the last two letters of your call if there are many other stations calling,Contacting the station twice to be sure that you are in his log,Sending only the minimum information needed for proper identification and the contest exchange,Adding “Please copy” before your exchange,,C
T8C05,0,What is a grid locator?,,A letter-number designator assigned to a geographic location,A letter-number designator assigned to an azimuth and elevation,An instrument for locating faults in power amplifiers,An instrument for radio direction finding,,A
T8C06,1,How is over the air access to Internet Radio Linking Project (IRLP) nodes accomplished?,,By obtaining a password that is sent via voice to the node,By using Dual-Tone Multi-Frequency (DTMF) signals,By entering the proper internet password,By using Continuous Tone-Coded Squelch System (CTCSS) tone codes,,B
T8C07,3,What is Voice Over Internet Protocol (VoIP)?,,A set of rules specifying how to identify your station when linked over the internet to another station,A technique employed to “spot” DX stations via the internet,A technique for measuring the modulation quality of a transmitter using remote sites monitored via the internet,A method of delivering voice communications over the internet using digital techniques,,D
T8C08,0,What is the Internet Radio Linking Project (IRLP)?,,"A technique to connect amateur radio systems, such as repeaters, via the internet",A system for providing access to websites via amateur radio,A system for informing amateurs in real time of the frequency of active DX stations,A technique for measuring signal strength of an amateur transmitter via the internet,,A
T8C09,3,Which of the following protocols enables an amateur station to transmit through a repeater without using a radio to initiate the transmission?,,IRLP,D-STAR,DMR,EchoLink,,D
T8C10,2,What is required before using the EchoLink system?,,Complete the required EchoLink training,Purchase a license to use the EchoLink software,Register your call sign and provide proof of license,At least a General Class license,,C
T8C11,0,What is an amateur radio station that connects other amateur stations to the internet?,,A gateway,A repeater,A digipeater,A beacon,,A
T8D01,3,Which of the following is a digital communications mode?,,Packet radio,IEEE 802.11,FT8,All these choices are correct,,D
T8D02,1,What is FT8?,,A wideband FM voice mode,A digital mode capable of low signal-to-noise operation,An eight-channel multiplex mode for FM repeaters,A digital slow-scan TV mode with forward error correction and automatic color compensation,,B
T8D03,3,What kind of data can be transmitted by APRS?,,GPS position data,Text messages,Weather data,All these choices are correct,,D
T8D04,2,"What is meant by the term ""NTSC?""",,A digital transmission standard for encrypting data,A special mode for satellite uplink,An analog fast-scan color TV signal,A frame compression scheme for TV signals,,C
T8D05,0,Which of the following is an application of APRS?,,Providing real-time tactical digital communications in conjunction with a map showing the locations of stations,Automatically showing the number of packets transmitted via PACTOR during a specific time interval,Providing voice over internet connection between repeaters,Providing information on the number of stations signed into a repeater,,A
T8D06,1,"What does the abbreviation ""PSK"" mean?",,Pulse Shift Keying,Phase Shift Keying,Packet Sampled Keying,Power Sampled Keying,,B
T8D07,0,Which of the following describes DMR?,,A technique for time-multiplexing two digital voice signals on a single 12.5 kHz repeater channel,An automatic position tracking mode for FM mobiles communicating through repeaters,An automatic computer logging technique for hands-off logging when communicating while operating a vehicle,A digital technique for transmitting on two repeater inputs simultaneously for automatic error correction,,A
T8D08,3,Which of the following is included in packet radio transmissions?,,A checksum that permits error detection,A header that contains the call sign of the station to which the information is being sent,Automatic repeat request in case of error,All these choices are correct,,D
T8D09,3,What is CW?,,A type of electromagnetic propagation,A digital mode used primarily on 2-meter FM,Error correction for digital transmission using code words,Another name for a Morse code transmission,,D
T8D10,3,Which of the following operating activities is supported by digital mode software in the WSJT-X software suite?,,Earth-Moon-Earth,Weak signal propagation beacons,Meteor scatter,All these choices are correct,,D
T8D11,2,What is the role of ARQ in a transmission system?,,A special transmission format limited to video signals,A system used to encrypt command signals to an amateur radio satellite,An error correction method in which the receiving station detects errors and sends a request for retransmission,A method of compressing data using autonomous reiterative Q codes prior to final encoding,,C
T8D12,0,Which of the following best describes an amateur radio mesh network?,,An amateur-radio data network using commercial Wi-Fi equipment with modified firmware,A wide-bandwidth digital voice mode employing DMR protocols,An amateur-radio satellite communications network using modified commercial satellite TV hardware,An internet linking protocol allowing communication through repeaters around the world,,A
T9A01,2,What is a beam antenna?,,An antenna built from square aluminum beams,An omnidirectional antenna invented by Clarence Beam,An antenna that concentrates signals in one direction,An antenna that focuses the signal into two intense rays,,C
T9A02,0,Which of the following describes a type of antenna loading?,,Electrically lengthening by inserting inductors in radiating elements,Inserting a resistor in the radiating portion of the antenna to make it resonant,Installing a spring in the base of a mobile vertical antenna to make it more flexible,Strengthening the radiating elements of a beam antenna to better resist wind damage,,A
T9A03,1,How is the polarization of an antenna described?,,By the shape of the driven element,By the orientation of the electric field,By the orientation of the magnetic field,By the direction of radiation,,B
T9A04,0,What is a disadvantage of a handheld radio transceiver’s short flexible antenna compared to a full-sized quarter-wave antenna?,,It has low efficiency,It transmits only circularly polarized signals,It is more susceptible to receiver desensitization,"It only works on analog signals, not digital ones",,A
T9A05,2,Which of the following increases the resonant frequency of a dipole antenna?,,Lengthening it,Inserting coils in series with radiating wires,Shortening it,Adding capacitive loading to the ends of the radiating wires,,C
T9A06,3,Which of the following types of antennas offers the greatest gain?,,5/8 wave vertical,Isotropic,J pole,Yagi,,D
T9A07,0,What is a potential drawback of using a handheld VHF transceiver inside a vehicle that lacks an externally mounted antenna?,,Signal strength is reduced due to the shielding effect of the vehicle,"The bandwidth of the antenna will decrease, increasing SWR","The SWR might decrease, decreasing the signal strength",The handheld will overheat due to reflected power in the vehicle,,A
T9A08,2,Why is a 19-inch-long vertical antenna often used on 2 meters?,,It has high gain,It is a resonant half-wave,It is a resonant quarter-wave,It has low RF radiation exposure,,C
T9A09,0,What is an advantage of a 5/8-wavelength whip antenna for VHF or UHF mobile service compared to a 1/4-wave antenna?,,It has more gain,It radiates at a higher angle,It has lower SWR,It has lower impedance,,A
T9A10,3,In which direction does a half-wave dipole antenna radiate the strongest signal?,,Equally in all directions,Off the ends of the antenna,In the direction of the feed line,Broadside to the antenna,,D
T9A11,2,What is antenna gain?,,The additional power that is added to the transmitter power,The additional power that is required in the antenna when transmitting on a higher frequency,The increase in signal strength in a specified direction compared to a reference antenna,The increase in impedance on receive or transmit compared to a reference antenna,,C
T9B01,3,Which of the following connectors should be carefully taped for weather protection when used outdoors?,,PL259,BNC,Type N,All these choices are correct,,D
T9B02,1,What is the most common impedance of coaxial cables used in amateur radio?,,8 ohms,50 ohms,600 ohms,12 ohms,,B
T9B03,0,Why is coaxial cable the most common feed line for amateur radio antenna systems?,,It is easy to use and requires few special installation considerations,It has less loss than any other type of feed line,It can handle more power than any other type of feed line,It is less expensive than any other type of feed line,,A
T9B04,0,What is the major function of an antenna tuner (antenna coupler)?,,It matches the antenna system impedance to the transceiver's output impedance,It helps a receiver automatically tune in weak stations,It allows an antenna to be used on both transmit and receive,It automatically selects the proper antenna for the frequency band being used,,A
T9B05,3,What happens as the frequency of a signal in coaxial cable is increased?,,The characteristic impedance decreases,The loss decreases,The characteristic impedance increases,The loss increases,,D
T9B06,1,Which of the following connector types is most suitable as an RF connector for frequencies above 400 MHz?,,PL-259,Type N,RS-213,DB-25,,B
T9B07,2,Which of the following is true of PL-259 type coax connectors?,,They are preferred for microwave operation,They are watertight,They are commonly used at HF and VHF frequencies,They are a bayonet-type connector,,C
T9B08,3,Which of the following is a source of loss in coaxial feed line?,,Water intrusion into coaxial connectors,High SWR,Multiple connectors in the line,All these choices are correct,,D
T9B09,1,What can cause erratic changes in SWR?,,Local thunderstorm,Loose connection in the antenna or feed line,Over-modulation,Overload from a strong local station,,B
T9B10,2,What is the electrical difference between RG-58 and RG-213 coaxial cable?,,There is no significant difference between the two types,RG-58 cable has two shields,RG-213 cable has less loss at a given frequency,RG-58 cable can handle higher power levels,,C
T9B11,2,Which of the following types of feed line has the lowest loss?,,50-ohm flexible coax,Multi-conductor unbalanced cable,Air-insulated hardline,75-ohm flexible coax,,C
T9B12,0,What is standing wave ratio (SWR)?,,A measure of how well a load is matched to a transmission line,The ratio of amplifier power output to input,The transmitter efficiency ratio,An indication of the quality of your station’s ground connection,,A
T0A01,1,Which of the following is a safety hazard of a 12-volt storage battery that lacks internal protection circuitry?,,Touching both terminals with your hands can cause electrical shock,"Shorting the terminals can cause burns, fire, or an explosion",RF emissions from a nearby transmitter can cause the electrolyte to emit poison gas,All these choices are correct,,B
T0A02,3,What health hazard is posed by electrical current flowing through the body?,,It may cause injury by heating body tissue,It may disrupt the electrical functions of cells,It may cause involuntary muscle contractions,All these choices are correct,,D
T0A03,1,"In the United States, what circuit does black wire insulation indicate in a three-wire 120 V AC cable?",,Neutral,Hot,Equipment ground,Negative,,B
T0A04,1,What is the purpose of a fuse in an electrical circuit?,,To prevent power supply ripple from damaging a component,To remove power in case of an overload,To limit current and prevent shocks,All these choices are correct,,B
T0A05,2,Why should a 5-ampere fuse never be replaced with a 20-ampere fuse?,,The larger fuse would be likely to blow because it is rated for higher current,The power supply ripple would greatly increase,Excessive current could cause a fire,Voltage drop in the higher current fuse could result in excessively low voltage to the device,,C
T0A06,3,What is a good way to guard against electrical shock at your station?,,Use three-wire cords and plugs for all AC powered equipment,Connect all AC powered station equipment to a common safety ground,Ensure all capacitors used for high-voltage DC are fully discharged before working inside equipment,All these choices are correct,,D
T0A07,3,Where should a lightning arrester be installed in a coaxial feed line?,,At the output connector of a transceiver,At the antenna feed point,At the AC power service panel,On a grounded panel near where feed lines enter the building,,D
T0A08,0,Where should a fuse or circuit breaker be installed in a 120V AC power circuit?,,In series with the hot conductor only,In series with the hot and neutral conductors,In parallel with the hot conductor only,In parallel with the hot and neutral conductors,,A
T0A09,2,What should be done to all external ground rods or earth connections?,,Waterproof them with silicone caulk or electrical tape,Keep them as far apart as possible,Bond them together with heavy wire or conductive strap,Tune them for resonance on the lowest frequency of operation,,C
T0A10,0,What hazard exists when rapidly charging or discharging an unprotected battery?,,Overheating or out-gassing,Excess output ripple,Electric shock,Overvoltage,,A
T0A11,3,What hazard exists in a power supply immediately after turning it off?,,Circulating currents in the dc filter,Leakage flux in the power transformer,Voltage transients from kickback diodes,Charge stored in filter capacitors,,D
T0A12,1,Which of the following precautions should be taken when measuring high voltages with a voltmeter?,,Ensure that the voltmeter has very low impedance,Ensure that the voltmeter and its leads are rated for use at the voltages being measured,Ensure that the circuit is grounded through the voltmeter,Ensure that the voltmeter is set to the correct frequency,,B
T0B01,2,Which of the following is good practice when installing ground wires on a tower for lightning protection?,,Put a drip loop in the ground connection to prevent water damage to the ground system,Make sure all ground wire bends are right angles,Ensure that connections are short and direct,All these choices are correct,,C
T0B02,3,What is required when climbing an antenna tower?,,Have sufficient training on safe tower climbing techniques,Use appropriate tie-off to the tower at all times,Always wear an approved climbing harness,All these choices are correct,,D
T0B03,3,Under what circumstances is it safe to climb a tower without a helper or observer?,,When no electrical work is being performed,When no mechanical work is being performed,When the work being done is not more than 20 feet above the ground,Never,,D
T0B04,2,Which of the following is an important safety precaution to observe when putting up an antenna tower?,,Wear a ground strap connected to your wrist at all times,Insulate the base of the tower to avoid lightning strikes,Look for and stay clear of any overhead electrical wires,All these choices are correct,,C
T0B05,1,What is the purpose of a safety wire through a turnbuckle used to tension guy lines?,,Secure the guy line if the turnbuckle breaks,Prevent loosening of the turnbuckle from vibration,Provide a ground path for lightning strikes,Provide an ability to measure for proper tensioning,,B
T0B06,3,What is the minimum safe distance from a power line to allow when installing an antenna?,,Add the height of the antenna to the height of the power line and multiply by a factor of 1.5,The height of the power line above ground,1/2 wavelength at the operating frequency,"Enough so that if the antenna falls, no part of it can come within 10 feet of the power wires",,D
T0B07,2,Which of the following is an important safety rule to remember when using a crank-up tower?,,This type of tower must never be painted,This type of tower must never be grounded,"This type of tower must not be climbed unless it is retracted, or mechanical safety locking devices have been installed",All these choices are correct,,C
T0B08,3,Which is a proper grounding method for a tower?,,"A single four-foot ground rod, driven into the ground no more than 12 inches from the base",A ferrite-core RF choke connected between the tower and ground,A connection between the tower base and a cold-water pipe,"Separate eight-foot ground rods for each tower leg, bonded to the tower and each other",,D
T0B09,2,Why should you avoid attaching an antenna to a utility pole?,,The antenna will not work properly because of induced voltages,"The antenna may unbalance the power transformer, causing power fluctuations",The antenna could contact high-voltage power lines,All these choices are correct,,C
T0B10,2,Which of the following is true when installing grounding conductors used for lightning protection?,,Use only non-insulated wire,Wires must be carefully routed with precise right-angle bends,Sharp bends must be avoided,Common grounds must be avoided,,C
T0B11,1,Which of the following establishes grounding requirements for an amateur radio tower or antenna?,,FCC Part 97 rules,Local electrical codes,FAA tower lighting regulations,UL recommended practices,,B
T0C01,3,What type of radiation are radio signals?,,Gamma radiation,Ionizing radiation,Alpha radiation,Non-ionizing radiation,,D
T0C02,1,Which of the following bands has the lowest maximum permissible exposure for RF safety?,,3.5 MHz,50 MHz,440 MHz,1296 MHz,,B
T0C03,2,How does the allowable power density for RF safety change if duty cycle changes from 100 percent to 50 percent?,,It increases by a factor of 3,It decreases by 50 percent,It increases by a factor of 2,There is no adjustment allowed for lower duty cycle,,C
T0C04,3,What factors affect the RF exposure of people near an amateur station antenna?,,Frequency and power level of the RF field,Distance from the antenna to a person,Radiation pattern of the antenna,All these choices are correct,,D
T0C05,3,Why do exposure limits vary with frequency?,,Lower frequency RF fields have more energy than higher frequency fields,Lower frequency RF fields do not penetrate the human body,Higher frequency RF fields are transient in nature,The human body absorbs more RF energy at some frequencies than at others,,D
T0C06,3,Which of the following is an acceptable method to determine whether your station complies with FCC RF exposure regulations?,,By calculation based on FCC OET Bulletin 65,By calculation based on computer modeling,By measurement of field strength using calibrated equipment,All these choices are correct,,D
T0C07,1,What hazard is created by touching an antenna during a transmission?,,Electrocution,RF burn to skin,Exposure to ionizing radiation,All these choices are correct,,B
T0C08,0,Which of the following actions can reduce exposure to RF radiation?,,Relocate antennas,Relocate the transmitter,Increase the duty cycle,All these choices are correct,,A
T0C09,1,How can you make sure your station stays in compliance with RF safety regulations?,,By informing the FCC of any changes made in your station,By re-evaluating the station whenever an item in the transmitter or antenna system is changed,By making sure your antennas have low SWR,By using only Underwriter Laboratories approved transmitting equipment,,B
T0C10,0,Why is duty cycle one of the factors used to determine safe RF radiation exposure levels?,,It affects the average exposure to radiation,It affects the peak exposure to radiation,It takes into account the antenna feed line loss,It takes into account the thermal effects of the final amplifier,,A
T0C11,2,What is the definition of duty cycle during the averaging time for RF exposure?,,The difference between the lowest and highest power output of a transmitter,The difference between the PEP and the average power output of a transmitter,The percentage of time that a transmitter is transmitting,The percentage of time that a transmitter is not transmitting,,C
T0C12,0,How does RF radiation differ from ionizing radiation (radioactivity)?,,RF radiation does not have sufficient energy to cause chemical changes in cells and damage DNA,RF radiation can only be detected with an RF dosimeter,RF radiation is limited in range to a few feet,RF radiation is perfectly safe,,A
T0C13,1,Who is responsible for ensuring that no person is exposed to RF energy above the FCC exposure limits?,,The FCC,The station licensee,Anyone who is near an antenna,The local zoning board,,B
